defense,clean_recall@1,clean_recall@5,clean_recall@10,adversarial_recall@1,adversarial_recall@5,adversarial_recall@10
clean,0.9253102838993073,0.9986702127659575,0.9996675531914894,0.9253102838993073,0.9986702127659575,0.9996675531914894
adversarial,0.07468971633847724,0.22484485820886937,0.36003989361702127,0.07468971633847724,0.22484485820886937,0.36003989361702127
TT Final Norm (alpha=0.2),0.10627216314698787,0.29399379437908213,0.43561613496313706,0.10627216314698787,0.29399379437908213,0.43561613496313706
TT Attention (alpha=0.2),0.0926418439980517,0.2699468085106383,0.41400709240994554,0.0926418439980517,0.2699468085106383,0.41400709240994554
TT MLP (alpha=0.2),0.09330673761507298,0.2682845744680851,0.409906914893617,0.09330673761507298,0.2682845744680851,0.409906914893617
TT Multi-Layer (2 Layers),0.1428413120831581,0.35449911352801833,0.5055407802475259,0.1428413120831581,0.35449911352801833,0.5055407802475259
TT Multi-Layer (5 Layers),0.19758421991099703,0.4910239361702128,0.6804078018411677,0.19758421991099703,0.4910239361702128,0.6804078018411677
