{
  "clean": {
    "recall@1": 0.9253102838993073,
    "recall@5": 0.9986702127659575,
    "recall@10": 0.9996675531914894
  },
  "adversarial": {
    "recall@1": 0.07468971633847724,
    "recall@5": 0.22484485820886937,
    "recall@10": 0.36003989361702127
  },
  "CP Multi-Layer (5 Layers)": {
    "recall@1": 0.10006648936170212,
    "recall@5": 0.33532801429007913,
    "recall@10": 0.5274822699262741
  },
  "Tucker Multi-Layer (5 Layers)": {
    "recall@1": 0.15370124118759276,
    "recall@5": 0.4304078015241217,
    "recall@10": 0.6182402486496783
  },
  "TT Multi-Layer (5 Layers)": {
    "recall@1": 0.19758421991099703,
    "recall@5": 0.4910239361702128,
    "recall@10": 0.6804078018411677
  }
}