{
  "clean": {
    "recall@1": 0.9253102838993073,
    "recall@5": 0.9986702127659575,
    "recall@10": 0.9996675531914894
  },
  "adversarial": {
    "recall@1": 0.07468971633847724,
    "recall@5": 0.22484485820886937,
    "recall@10": 0.36003989361702127
  },
  "TT Final Norm (alpha=0.2)": {
    "recall@1": 0.10627216314698787,
    "recall@5": 0.29399379437908213,
    "recall@10": 0.43561613496313706
  },
  "TT Attention (alpha=0.2)": {
    "recall@1": 0.0926418439980517,
    "recall@5": 0.2699468085106383,
    "recall@10": 0.41400709240994554
  },
  "TT MLP (alpha=0.2)": {
    "recall@1": 0.09330673761507298,
    "recall@5": 0.2682845744680851,
    "recall@10": 0.409906914893617
  },
  "TT Multi-Layer (2 Layers)": {
    "recall@1": 0.1428413120831581,
    "recall@5": 0.35449911352801833,
    "recall@10": 0.5055407802475259
  },
  "TT Multi-Layer (5 Layers)": {
    "recall@1": 0.19758421991099703,
    "recall@5": 0.4910239361702128,
    "recall@10": 0.6804078018411677
  }
}