defense,clean_recall@1,clean_recall@5,clean_recall@10,adversarial_recall@1,adversarial_recall@5,adversarial_recall@10
clean,0.92578125,0.998046875,0.96875,0.92578125,0.998046875,0.96875
adversarial,0.0751953125,0.2451171875,0.3515625,0.0751953125,0.2451171875,0.3515625
CP Final Norm,0.1083984375,0.3095703125,0.4228515625,0.1083984375,0.3095703125,0.4228515625
CP Attention,0.095703125,0.2802734375,0.4111328125,0.095703125,0.2802734375,0.4111328125
CP MLP,0.0888671875,0.28515625,0.400390625,0.0888671875,0.28515625,0.400390625
