{
  "clean": {
    "recall@1": 0.6392952127659575,
    "recall@5": 0.9310726954581889,
    "recall@10": 0.9827127659574468
  },
  "adversarial": {
    "recall@1": 0.03800975178625989,
    "recall@5": 0.1685505319148936,
    "recall@10": 0.3151595744680851
  },
  "CP Final Norm (alpha=0.2)": {
    "recall@1": 0.06360815604157904,
    "recall@5": 0.2375886525879515,
    "recall@10": 0.39716312067305787
  },
  "CP Attention (alpha=0.2)": {
    "recall@1": 0.05330230497774926,
    "recall@5": 0.22550975198441364,
    "recall@10": 0.38563829787234044
  },
  "CP MLP (alpha=0.2)": {
    "recall@1": 0.06028368795647266,
    "recall@5": 0.21642287234042554,
    "recall@10": 0.37610815623973276
  },
  "Tucker Final Norm (alpha=0.2)": {
    "recall@1": 0.05995124114796202,
    "recall@5": 0.23559397173688768,
    "recall@10": 0.3962765957446808
  },
  "CP Multi-Layer (2 Layers)": {
    "recall@1": 0.07590868795647267,
    "recall@5": 0.2802526595744681,
    "recall@10": 0.45800088694755065
  },
  "CP Multi-Layer (5 Layers)": {
    "recall@1": 0.0743572695299666,
    "recall@5": 0.2917774823751855,
    "recall@10": 0.49933510638297873
  }
}