{
  "clean": {
    "recall@1": 0.92578125,
    "recall@5": 0.998046875,
    "recall@10": 0.96875
  },
  "adversarial": {
    "recall@1": 0.0751953125,
    "recall@5": 0.2451171875,
    "recall@10": 0.3515625
  },
  "TT Alpha 0.1": {
    "recall@1": 0.10546875,
    "recall@5": 0.3046875,
    "recall@10": 0.42578125
  },
  "TT Alpha 0.2": {
    "recall@1": 0.1044921875,
    "recall@5": 0.3037109375,
    "recall@10": 0.4248046875
  },
  "TT Alpha 0.3": {
    "recall@1": 0.1064453125,
    "recall@5": 0.306640625,
    "recall@10": 0.423828125
  },
  "TT Alpha 0.4": {
    "recall@1": 0.103515625,
    "recall@5": 0.302734375,
    "recall@10": 0.4189453125
  },
  "TT Alpha 0.5": {
    "recall@1": 0.1005859375,
    "recall@5": 0.2958984375,
    "recall@10": 0.4072265625
  },
  "TT Alpha 0.6": {
    "recall@1": 0.0966796875,
    "recall@5": 0.2919921875,
    "recall@10": 0.3994140625
  },
  "TT Alpha 0.7": {
    "recall@1": 0.08984375,
    "recall@5": 0.287109375,
    "recall@10": 0.3916015625
  },
  "TT Alpha 0.8": {
    "recall@1": 0.0830078125,
    "recall@5": 0.2724609375,
    "recall@10": 0.3818359375
  },
  "TT Alpha 0.9": {
    "recall@1": 0.0791015625,
    "recall@5": 0.2607421875,
    "recall@10": 0.3671875
  }
}