{
  "clean": {
    "recall@1": 0.9253102838993073,
    "recall@5": 0.9986702127659575,
    "recall@10": 0.9996675531914894
  },
  "adversarial": {
    "recall@1": 0.07468971633847724,
    "recall@5": 0.22484485820886937,
    "recall@10": 0.36003989361702127
  },
  "CP Norm R=16": {
    "recall@1": 0.10693705676400915,
    "recall@5": 0.2969858156556779,
    "recall@10": 0.43351063829787234
  },
  "CP Norm R=32": {
    "recall@1": 0.10660460995549852,
    "recall@5": 0.295988475230146,
    "recall@10": 0.4315159574468085
  },
  "CP Norm R=64": {
    "recall@1": 0.10760195038103043,
    "recall@5": 0.2936613475705715,
    "recall@10": 0.4326241136865413
  },
  "CP Norm R=128": {
    "recall@1": 0.10427748229592404,
    "recall@5": 0.2883421986344013,
    "recall@10": 0.42863475198441364
  },
  "CP Norm alpha=0.1": {
    "recall@1": 0.10593971633847724,
    "recall@5": 0.2983156028897204,
    "recall@10": 0.43395390076206086
  },
  "CP Norm alpha=0.3": {
    "recall@1": 0.10627216314698787,
    "recall@5": 0.2969858156556779,
    "recall@10": 0.4321808510638298
  },
  "CP Norm alpha=0.5": {
    "recall@1": 0.10427748229592404,
    "recall@5": 0.2883421986344013,
    "recall@10": 0.4224290781198664
  },
  "CP Norm alpha=0.7": {
    "recall@1": 0.09496897165762617,
    "recall@5": 0.2690602837407843,
    "recall@10": 0.40381205684327065
  },
  "CP Attention": {
    "recall@1": 0.09995567378528575,
    "recall@5": 0.27881205684327065,
    "recall@10": 0.42431294347377535
  },
  "CP MLP": {
    "recall@1": 0.09230939718954106,
    "recall@5": 0.2709441489361702,
    "recall@10": 0.4116799647503711
  },
  "Tucker Norm": {
    "recall@1": 0.1039450354874134,
    "recall@5": 0.2816932624641885,
    "recall@10": 0.4179964541120732
  },
  "CP Multi-Layer (2 Layers)": {
    "recall@1": 0.1368572695299666,
    "recall@5": 0.34441489361702127,
    "recall@10": 0.4923537234042553
  },
  "CP Multi-Layer (Last 5 Layers)": {
    "recall@1": 0.11890514194965363,
    "recall@5": 0.3699024823751855,
    "recall@10": 0.5697030146071251
  }
}