{
  "clean": {
    "recall@1": 0.92578125,
    "recall@5": 0.998046875,
    "recall@10": 0.96875
  },
  "adversarial": {
    "recall@1": 0.0751953125,
    "recall@5": 0.2451171875,
    "recall@10": 0.3515625
  },
  "CP Final Norm (rank=16, alpha=0.1)": {
    "recall@1": 0.1083984375,
    "recall@5": 0.30859375,
    "recall@10": 0.4208984375
  },
  "CP Final Norm (rank=32, alpha=0.2)": {
    "recall@1": 0.107421875,
    "recall@5": 0.3037109375,
    "recall@10": 0.4248046875
  },
  "CP Final Norm (rank=64, alpha=0.5)": {
    "recall@1": 0.1005859375,
    "recall@5": 0.2998046875,
    "recall@10": 0.408203125
  },
  "CP Attention (rank=32, alpha=0.2)": {
    "recall@1": 0.1044921875,
    "recall@5": 0.3056640625,
    "recall@10": 0.4296875
  },
  "CP MLP (rank=32, alpha=0.2)": {
    "recall@1": 0.08984375,
    "recall@5": 0.287109375,
    "recall@10": 0.412109375
  },
  "Tucker Final Norm (rank=16, alpha=0.1)": {
    "recall@1": 0.107421875,
    "recall@5": 0.3046875,
    "recall@10": 0.42578125
  },
  "Tucker Final Norm (rank=32, alpha=0.2)": {
    "recall@1": 0.1064453125,
    "recall@5": 0.3046875,
    "recall@10": 0.42578125
  },
  "Tucker Final Norm (rank=64, alpha=0.5)": {
    "recall@1": 0.0966796875,
    "recall@5": 0.29296875,
    "recall@10": 0.3994140625
  },
  "Tucker Attention (rank=32, alpha=0.2)": {
    "recall@1": 0.095703125,
    "recall@5": 0.2822265625,
    "recall@10": 0.40234375
  },
  "Tucker MLP (rank=32, alpha=0.2)": {
    "recall@1": 0.087890625,
    "recall@5": 0.2880859375,
    "recall@10": 0.408203125
  },
  "TT Final Norm (rank=16, alpha=0.1)": {
    "recall@1": 0.109375,
    "recall@5": 0.30078125,
    "recall@10": 0.4248046875
  },
  "TT Final Norm (rank=32, alpha=0.2)": {
    "recall@1": 0.1044921875,
    "recall@5": 0.3037109375,
    "recall@10": 0.4248046875
  },
  "TT Final Norm (rank=64, alpha=0.5)": {
    "recall@1": 0.0966796875,
    "recall@5": 0.29296875,
    "recall@10": 0.3994140625
  },
  "TT Attention (rank=32, alpha=0.2)": {
    "recall@1": 0.095703125,
    "recall@5": 0.28125,
    "recall@10": 0.4013671875
  },
  "TT MLP (rank=32, alpha=0.2)": {
    "recall@1": 0.0888671875,
    "recall@5": 0.287109375,
    "recall@10": 0.4091796875
  }
}