{
  "clean": {
    "recall@1": 0.9253102838993073,
    "recall@5": 0.9986702127659575,
    "recall@10": 0.9996675531914894
  },
  "adversarial": {
    "recall@1": 0.07468971633847724,
    "recall@5": 0.22484485820886937,
    "recall@10": 0.36003989361702127
  },
  "CP Final Norm (alpha=0.3)": {
    "recall@1": 0.10793439718954106,
    "recall@5": 0.2956560284216353,
    "recall@10": 0.431072695141143
  },
  "CP Attention (alpha=0.3)": {
    "recall@1": 0.09064716314698787,
    "recall@5": 0.2769281914893617,
    "recall@10": 0.41068262432483915
  },
  "CP MLP (alpha=0.3)": {
    "recall@1": 0.09097960995549852,
    "recall@5": 0.27061170212765956,
    "recall@10": 0.4083554966652647
  },
  "Tucker Final Norm (alpha=0.3)": {
    "recall@1": 0.10261524825337086,
    "recall@5": 0.29000443267695447,
    "recall@10": 0.42486702127659576
  },
  "CP Multi-Layer (2 Layers)": {
    "recall@1": 0.14051418442358363,
    "recall@5": 0.3481826241663162,
    "recall@10": 0.49833776595744683
  },
  "CP Multi-Layer (5 Layers)": {
    "recall@1": 0.1491578015241217,
    "recall@5": 0.41710992918369616,
    "recall@10": 0.6150265957446809
  }
}