{
  "clean": {
    "recall@1": 0.658203125,
    "recall@5": 0.943359375,
    "recall@10": 0.95703125
  },
  "adversarial": {
    "recall@1": 0.0458984375,
    "recall@5": 0.1669921875,
    "recall@10": 0.298828125
  },
  "TT Rank 8": {
    "recall@1": 0.064453125,
    "recall@5": 0.2490234375,
    "recall@10": 0.396484375
  },
  "TT Rank 16": {
    "recall@1": 0.0634765625,
    "recall@5": 0.2509765625,
    "recall@10": 0.4033203125
  },
  "TT Rank 32": {
    "recall@1": 0.0595703125,
    "recall@5": 0.2451171875,
    "recall@10": 0.4013671875
  },
  "TT Rank 48": {
    "recall@1": 0.0576171875,
    "recall@5": 0.2451171875,
    "recall@10": 0.3984375
  },
  "TT Rank 64": {
    "recall@1": 0.05859375,
    "recall@5": 0.2392578125,
    "recall@10": 0.3955078125
  },
  "TT Rank 80": {
    "recall@1": 0.0576171875,
    "recall@5": 0.2314453125,
    "recall@10": 0.392578125
  },
  "TT Rank 96": {
    "recall@1": 0.056640625,
    "recall@5": 0.224609375,
    "recall@10": 0.3837890625
  },
  "TT Rank 256": {
    "recall@1": 0.0478515625,
    "recall@5": 0.1796875,
    "recall@10": 0.3349609375
  },
  "TT Rank 512": {
    "recall@1": 0.044921875,
    "recall@5": 0.1689453125,
    "recall@10": 0.3046875
  }
}