defense,clean_recall@1,clean_recall@5,clean_recall@10,adversarial_recall@1,adversarial_recall@5,adversarial_recall@10
clean,0.92578125,0.998046875,0.96875,0.92578125,0.998046875,0.96875
adversarial,0.0751953125,0.2451171875,0.3515625,0.0751953125,0.2451171875,0.3515625
CP Final Norm (R=16),0.1083984375,0.3046875,0.421875,0.1083984375,0.3046875,0.421875
CP Final Norm (R=32),0.107421875,0.30078125,0.4228515625,0.107421875,0.30078125,0.4228515625
CP Final Norm (R=64),0.1064453125,0.310546875,0.4248046875,0.1064453125,0.310546875,0.4248046875
CP Final Norm (R=128),0.1044921875,0.3046875,0.4140625,0.1044921875,0.3046875,0.4140625
CP Final Norm (R=256),0.0859375,0.2822265625,0.39453125,0.0859375,0.2822265625,0.39453125
