defense,clean_recall@1,clean_recall@5,clean_recall@10,adversarial_recall@1,adversarial_recall@5,adversarial_recall@10
clean,0.6392952127659575,0.9310726954581889,0.9827127659574468,0.6392952127659575,0.9310726954581889,0.9827127659574468
adversarial,0.03800975178625989,0.1685505319148936,0.3151595744680851,0.03800975178625989,0.1685505319148936,0.3151595744680851
CP Final Norm (alpha=0.2),0.06360815604157904,0.2375886525879515,0.39716312067305787,0.06360815604157904,0.2375886525879515,0.39716312067305787
CP Attention (alpha=0.2),0.05330230497774926,0.22550975198441364,0.38563829787234044,0.05330230497774926,0.22550975198441364,0.38563829787234044
CP MLP (alpha=0.2),0.06028368795647266,0.21642287234042554,0.37610815623973276,0.06028368795647266,0.21642287234042554,0.37610815623973276
Tucker Final Norm (alpha=0.2),0.05995124114796202,0.23559397173688768,0.3962765957446808,0.05995124114796202,0.23559397173688768,0.3962765957446808
CP Multi-Layer (2 Layers),0.07590868795647267,0.2802526595744681,0.45800088694755065,0.07590868795647267,0.2802526595744681,0.45800088694755065
CP Multi-Layer (5 Layers),0.0743572695299666,0.2917774823751855,0.49933510638297873,0.0743572695299666,0.2917774823751855,0.49933510638297873
