{
  "clean": {
    "recall@1": 0.92578125,
    "recall@5": 0.998046875,
    "recall@10": 0.96875
  },
  "adversarial": {
    "recall@1": 0.0751953125,
    "recall@5": 0.2451171875,
    "recall@10": 0.3515625
  },
  "TT Rank 8": {
    "recall@1": 0.107421875,
    "recall@5": 0.3046875,
    "recall@10": 0.4228515625
  },
  "TT Rank 16": {
    "recall@1": 0.107421875,
    "recall@5": 0.3037109375,
    "recall@10": 0.423828125
  },
  "TT Rank 32": {
    "recall@1": 0.1044921875,
    "recall@5": 0.3037109375,
    "recall@10": 0.4248046875
  },
  "TT Rank 48": {
    "recall@1": 0.10546875,
    "recall@5": 0.306640625,
    "recall@10": 0.423828125
  },
  "TT Rank 64": {
    "recall@1": 0.1044921875,
    "recall@5": 0.3046875,
    "recall@10": 0.421875
  },
  "TT Rank 80": {
    "recall@1": 0.1015625,
    "recall@5": 0.302734375,
    "recall@10": 0.4208984375
  },
  "TT Rank 96": {
    "recall@1": 0.099609375,
    "recall@5": 0.2978515625,
    "recall@10": 0.4130859375
  },
  "TT Rank 256": {
    "recall@1": 0.08203125,
    "recall@5": 0.2685546875,
    "recall@10": 0.384765625
  },
  "TT Rank 512": {
    "recall@1": 0.076171875,
    "recall@5": 0.248046875,
    "recall@10": 0.35546875
  }
}