{
  "clean": {
    "recall@1": 0.6392952127659575,
    "recall@5": 0.9310726954581889,
    "recall@10": 0.9827127659574468
  },
  "adversarial": {
    "recall@1": 0.03800975178625989,
    "recall@5": 0.1685505319148936,
    "recall@10": 0.3151595744680851
  },
  "TT Final Norm (alpha=0.2)": {
    "recall@1": 0.06028368795647266,
    "recall@5": 0.23492907811986638,
    "recall@10": 0.3966090425531915
  },
  "TT Attention (alpha=0.2)": {
    "recall@1": 0.04909131208315809,
    "recall@5": 0.20434397173688768,
    "recall@10": 0.3654698583673924
  },
  "TT MLP (alpha=0.2)": {
    "recall@1": 0.05330230497774926,
    "recall@5": 0.20589539012376298,
    "recall@10": 0.3680186170212766
  },
  "TT Multi-Layer (2 Layers)": {
    "recall@1": 0.07768173761507298,
    "recall@5": 0.284020390282286,
    "recall@10": 0.46553634772909447
  },
  "TT Multi-Layer (5 Layers)": {
    "recall@1": 0.11934840425531915,
    "recall@5": 0.39716312067305787,
    "recall@10": 0.6211214541120732
  }
}