{
  "clean": {
    "recall@1": 0.92578125,
    "recall@5": 0.998046875,
    "recall@10": 0.96875
  },
  "adversarial": {
    "recall@1": 0.0751953125,
    "recall@5": 0.2451171875,
    "recall@10": 0.3515625
  },
  "CP Final Norm": {
    "recall@1": 0.1083984375,
    "recall@5": 0.3095703125,
    "recall@10": 0.4228515625
  },
  "CP Attention": {
    "recall@1": 0.095703125,
    "recall@5": 0.2802734375,
    "recall@10": 0.4111328125
  },
  "CP MLP": {
    "recall@1": 0.0888671875,
    "recall@5": 0.28515625,
    "recall@10": 0.400390625
  }
}