{
  "clean": {
    "recall@1": 0.658203125,
    "recall@5": 0.943359375,
    "recall@10": 0.95703125
  },
  "adversarial": {
    "recall@1": 0.0458984375,
    "recall@5": 0.1669921875,
    "recall@10": 0.298828125
  },
  "Tucker Alpha 0.1": {
    "recall@1": 0.0615234375,
    "recall@5": 0.2509765625,
    "recall@10": 0.404296875
  },
  "Tucker Alpha 0.2": {
    "recall@1": 0.0576171875,
    "recall@5": 0.2451171875,
    "recall@10": 0.4013671875
  },
  "Tucker Alpha 0.3": {
    "recall@1": 0.0576171875,
    "recall@5": 0.23828125,
    "recall@10": 0.3974609375
  },
  "Tucker Alpha 0.4": {
    "recall@1": 0.0576171875,
    "recall@5": 0.2333984375,
    "recall@10": 0.3896484375
  },
  "Tucker Alpha 0.5": {
    "recall@1": 0.056640625,
    "recall@5": 0.224609375,
    "recall@10": 0.3818359375
  },
  "Tucker Alpha 0.6": {
    "recall@1": 0.052734375,
    "recall@5": 0.2177734375,
    "recall@10": 0.3720703125
  },
  "Tucker Alpha 0.7": {
    "recall@1": 0.0478515625,
    "recall@5": 0.2001953125,
    "recall@10": 0.361328125
  },
  "Tucker Alpha 0.8": {
    "recall@1": 0.0478515625,
    "recall@5": 0.18359375,
    "recall@10": 0.341796875
  },
  "Tucker Alpha 0.9": {
    "recall@1": 0.048828125,
    "recall@5": 0.1767578125,
    "recall@10": 0.3203125
  }
}