defense,clean_recall@1,clean_recall@5,clean_recall@10,adversarial_recall@1,adversarial_recall@5,adversarial_recall@10
clean,0.658203125,0.943359375,0.95703125,0.658203125,0.943359375,0.95703125
adversarial,0.0458984375,0.1669921875,0.298828125,0.0458984375,0.1669921875,0.298828125
CP Final Norm (R=16),0.064453125,0.251953125,0.3994140625,0.064453125,0.251953125,0.3994140625
CP Final Norm (R=32),0.064453125,0.2509765625,0.3955078125,0.064453125,0.2509765625,0.3955078125
CP Final Norm (R=64),0.0634765625,0.2509765625,0.3994140625,0.0634765625,0.2509765625,0.3994140625
CP Final Norm (R=128),0.0615234375,0.2431640625,0.3955078125,0.0615234375,0.2431640625,0.3955078125
CP Final Norm (R=256),0.0546875,0.201171875,0.3662109375,0.0546875,0.201171875,0.3662109375
