defense,clean_recall@1,clean_recall@5,clean_recall@10,adversarial_recall@1,adversarial_recall@5,adversarial_recall@10
clean,0.9253102838993073,0.9986702127659575,0.9996675531914894,0.9253102838993073,0.9986702127659575,0.9996675531914894
adversarial,0.07468971633847724,0.22484485820886937,0.36003989361702127,0.07468971633847724,0.22484485820886937,0.36003989361702127
CP Multi-Layer (5 Layers),0.10006648936170212,0.33532801429007913,0.5274822699262741,0.10006648936170212,0.33532801429007913,0.5274822699262741
Tucker Multi-Layer (5 Layers),0.15370124118759276,0.4304078015241217,0.6182402486496783,0.15370124118759276,0.4304078015241217,0.6182402486496783
TT Multi-Layer (5 Layers),0.19758421991099703,0.4910239361702128,0.6804078018411677,0.19758421991099703,0.4910239361702128,0.6804078018411677
