defense,clean_recall@1,clean_recall@5,clean_recall@10,adversarial_recall@1,adversarial_recall@5,adversarial_recall@10
clean,0.92578125,0.998046875,0.96875,0.92578125,0.998046875,0.96875
adversarial,0.0751953125,0.2451171875,0.3515625,0.0751953125,0.2451171875,0.3515625
CP Final Norm (Single Layer),0.10546875,0.3056640625,0.4248046875,0.10546875,0.3056640625,0.4248046875
CP Multi-Layer (2 Layers),0.1435546875,0.34765625,0.4775390625,0.1435546875,0.34765625,0.4775390625
CP Multi-Layer (3 Layers),0.1533203125,0.4140625,0.55859375,0.1533203125,0.4140625,0.55859375
CP Multi-Layer (4 Layers),0.13671875,0.416015625,0.5810546875,0.13671875,0.416015625,0.5810546875
CP Multi-Layer (5 Layers),0.1533203125,0.462890625,0.6142578125,0.1533203125,0.462890625,0.6142578125
CP Multi-Layer (All Layers),0.05859375,0.25,0.375,0.05859375,0.25,0.375
