{
  "clean": {
    "recall@1": 0.658203125,
    "recall@5": 0.943359375,
    "recall@10": 0.95703125
  },
  "adversarial": {
    "recall@1": 0.0458984375,
    "recall@5": 0.1669921875,
    "recall@10": 0.298828125
  },
  "CP Final Norm (R=16)": {
    "recall@1": 0.064453125,
    "recall@5": 0.251953125,
    "recall@10": 0.3994140625
  },
  "CP Final Norm (R=32)": {
    "recall@1": 0.064453125,
    "recall@5": 0.2509765625,
    "recall@10": 0.3955078125
  },
  "CP Final Norm (R=64)": {
    "recall@1": 0.0634765625,
    "recall@5": 0.2509765625,
    "recall@10": 0.3994140625
  },
  "CP Final Norm (R=128)": {
    "recall@1": 0.0615234375,
    "recall@5": 0.2431640625,
    "recall@10": 0.3955078125
  },
  "CP Final Norm (R=256)": {
    "recall@1": 0.0546875,
    "recall@5": 0.201171875,
    "recall@10": 0.3662109375
  }
}