{
  "clean": {
    "recall@1": 0.92578125,
    "recall@5": 0.998046875,
    "recall@10": 0.96875
  },
  "adversarial": {
    "recall@1": 0.0751953125,
    "recall@5": 0.2451171875,
    "recall@10": 0.3515625
  },
  "CP Final Norm (alpha=0.1)": {
    "recall@1": 0.109375,
    "recall@5": 0.306640625,
    "recall@10": 0.4248046875
  },
  "CP Final Norm (alpha=0.2)": {
    "recall@1": 0.109375,
    "recall@5": 0.3056640625,
    "recall@10": 0.419921875
  },
  "CP Final Norm (alpha=0.3)": {
    "recall@1": 0.1064453125,
    "recall@5": 0.3056640625,
    "recall@10": 0.4208984375
  },
  "CP Final Norm (alpha=0.4)": {
    "recall@1": 0.1015625,
    "recall@5": 0.302734375,
    "recall@10": 0.41796875
  },
  "CP Final Norm (alpha=0.5)": {
    "recall@1": 0.1015625,
    "recall@5": 0.30078125,
    "recall@10": 0.412109375
  },
  "CP Final Norm (alpha=0.6)": {
    "recall@1": 0.0947265625,
    "recall@5": 0.294921875,
    "recall@10": 0.3994140625
  },
  "CP Final Norm (alpha=0.7)": {
    "recall@1": 0.091796875,
    "recall@5": 0.287109375,
    "recall@10": 0.3916015625
  },
  "CP Final Norm (alpha=0.8)": {
    "recall@1": 0.0849609375,
    "recall@5": 0.2744140625,
    "recall@10": 0.3818359375
  },
  "CP Final Norm (alpha=0.9)": {
    "recall@1": 0.078125,
    "recall@5": 0.2607421875,
    "recall@10": 0.3662109375
  }
}