defense,clean_recall@1,clean_recall@5,clean_recall@10,adversarial_recall@1,adversarial_recall@5,adversarial_recall@10
clean,0.6392952127659575,0.9310726954581889,0.9827127659574468,0.6392952127659575,0.9310726954581889,0.9827127659574468
adversarial,0.03800975178625989,0.1685505319148936,0.3151595744680851,0.03800975178625989,0.1685505319148936,0.3151595744680851
TT Final Norm (alpha=0.2),0.06028368795647266,0.23492907811986638,0.3966090425531915,0.06028368795647266,0.23492907811986638,0.3966090425531915
TT Attention (alpha=0.2),0.04909131208315809,0.20434397173688768,0.3654698583673924,0.04909131208315809,0.20434397173688768,0.3654698583673924
TT MLP (alpha=0.2),0.05330230497774926,0.20589539012376298,0.3680186170212766,0.05330230497774926,0.20589539012376298,0.3680186170212766
TT Multi-Layer (2 Layers),0.07768173761507298,0.284020390282286,0.46553634772909447,0.07768173761507298,0.284020390282286,0.46553634772909447
TT Multi-Layer (5 Layers),0.11934840425531915,0.39716312067305787,0.6211214541120732,0.11934840425531915,0.39716312067305787,0.6211214541120732
