{
  "clean": {
    "recall@1": 0.6392952127659575,
    "recall@5": 0.9310726954581889,
    "recall@10": 0.9827127659574468
  },
  "adversarial": {
    "recall@1": 0.03800975178625989,
    "recall@5": 0.1685505319148936,
    "recall@10": 0.3151595744680851
  },
  "CP Multi-Layer (5 Layers)": {
    "recall@1": 0.0726950354874134,
    "recall@5": 0.2896719860269668,
    "recall@10": 0.4855939720539337
  },
  "Tucker Multi-Layer (5 Layers)": {
    "recall@1": 0.11225620577944086,
    "recall@5": 0.3716755319148936,
    "recall@10": 0.583665780564572
  },
  "TT Multi-Layer (5 Layers)": {
    "recall@1": 0.11934840425531915,
    "recall@5": 0.39716312067305787,
    "recall@10": 0.6211214541120732
  }
}